Time [s],Value,Parity Error,Framing Error
0.000025000000000,0x88,,Error
0.001125000000000,0xC4,,
0.002310000000000,0xBF,Error,
0.010825000000000,0xFF,,
0.012070000000000,0xFF,,
0.013690000000000,0xFF,,
0.015970000000000,0xFF,,
0.019835000000000,0xE7,,
0.021090000000000,0xFD,Error,
0.031775000000000,0xFF,,
0.033235000000000,0xFF,,
0.034505000000000,0xFF,,
0.039330000000000,0xFF,Error,Error
0.040445000000000,0x40,Error,
0.041590000000000,0xF6,,
0.043360000000000,0xFF,,
0.046210000000000,0xFF,,
0.050875000000000,0xFF,,
0.053625000000000,0xFF,,
0.055055000000000,0xFF,,
0.057805000000000,0xFF,,
0.059350000000000,0x21,Error,Error
0.060455000000000,0x63,,
0.061550000000000,0xFD,,
0.062760000000000,0xEF,Error,
0.064645000000000,0xFF,,
0.071340000000000,0xFF,,
0.073905000000000,0xFF,,
0.075800000000000,0xFF,,
0.077265000000000,0xFF,,
0.078415000000000,0xFF,,
0.083595000000000,0xFF,,
0.090375000000000,0xFF,,
0.092070000000000,0xFF,,
0.093780000000000,0xFF,,
0.095465000000000,0xFF,,
0.096840000000000,0xFF,,
0.102545000000000,0xFF,,
0.103765000000000,0xFF,,
0.111600000000000,0xFF,,
0.113430000000000,0xFF,,
0.119560000000000,0x79,,
0.120935000000000,0x76,Error,Error
0.122035000000000,0xAB,Error,Error
0.123150000000000,0xF7,Error,
0.124680000000000,0xFF,,
0.127080000000000,0xFF,,
0.130325000000000,0xFF,,
0.136810000000000,0xFF,,
0.138130000000000,0xFF,,
0.139700000000000,0x46,,
0.140835000000000,0x35,Error,
0.141940000000000,0x50,,
0.143120000000000,0xFD,Error,
0.150455000000000,0xFF,,
0.153155000000000,0xFF,,
0.154835000000000,0xFF,,
0.156070000000000,0xFF,,
0.157740000000000,0xFF,,
0.158875000000000,0xEF,Error,Error
0.160015000000000,0x4E,,Error
0.161180000000000,0xF6,Error,
0.162575000000000,0xFF,,
0.164050000000000,0xFF,,
0.172645000000000,0xFF,,
0.173890000000000,0xFF,,
0.179885000000000,0xFF,,
0.183110000000000,0xFF,,
0.184455000000000,0xFF,,
0.187460000000000,0xFF,,
0.189470000000000,0xF7,Error,
0.191160000000000,0xFF,,
0.192865000000000,0xFF,,
0.195720000000000,0xFF,,
0.197315000000000,0xFF,,
0.199390000000000,0xBB,,
0.200725000000000,0x17,,Error
0.201900000000000,0xFF,,
0.203095000000000,0xFD,Error,
0.204460000000000,0xFF,,
0.208265000000000,0xFF,,
0.210700000000000,0xF7,Error,
0.212630000000000,0xFF,,
0.213935000000000,0xFF,,
0.215375000000000,0xFF,,
0.216535000000000,0xFF,,
0.217870000000000,0xFF,,
0.219165000000000,0x85,,
0.220260000000000,0x43,Error,
0.221585000000000,0xBF,Error,
0.224380000000000,0xFF,,
0.225835000000000,0xFF,,
0.226955000000000,0xFF,,
0.228105000000000,0x91,Error,
0.229250000000000,0xFF,,
0.230385000000000,0xFB,Error,Error
0.231495000000000,0xFF,,
0.232785000000000,0xFF,,
0.234145000000000,0xFD,Error,
0.235255000000000,0xFF,Error,
0.236485000000000,0xFF,,
0.237675000000000,0xFF,,
0.239340000000000,0xFF,,Error
0.240440000000000,0x92,,
0.241590000000000,0x7F,Error,
0.243500000000000,0xFF,,Error
0.244605000000000,0xFF,,
0.245895000000000,0xA7,,
0.247040000000000,0xDF,Error,Error
0.248160000000000,0xCC,,
0.249845000000000,0xFF,,
0.250940000000000,0xFF,,Error
0.252140000000000,0x7F,Error,
0.254010000000000,0xFF,,Error
0.255580000000000,0xEF,Error,
0.257130000000000,0xFF,Error,Error
0.259210000000000,0x95,,Error
0.260380000000000,0xE1,Error,
0.261560000000000,0xA9,,Error
0.262660000000000,0xB7,,
0.263895000000000,0xAF,,
0.265450000000000,0xFF,,Error
0.266575000000000,0xB8,Error,
0.267845000000000,0x32,,
0.271420000000000,0xFF,,
0.274210000000000,0xFF,,
0.277405000000000,0xFF,,
0.278505000000000,0xFF,,
0.280425000000000,0xC5,Error,
0.281590000000000,0xBD,,Error
0.282845000000000,0xEF,Error,
0.284010000000000,0xFF,,
0.292115000000000,0xFF,,
0.293955000000000,0xFF,,
0.295360000000000,0xFF,,
0.296870000000000,0xFF,,
0.298925000000000,0xBF,,Error
0.300200000000000,0x07,Error,
0.301320000000000,0xA8,Error,Error
0.302560000000000,0xEA,Error,
0.303665000000000,0xFF,,
0.305000000000000,0xFF,,
0.310885000000000,0xFF,,
0.312680000000000,0xFF,,
0.313795000000000,0xFF,,
0.315810000000000,0xFF,,
0.317580000000000,0xFF,,
0.318680000000000,0x7F,,
0.319795000000000,0x42,,
0.321100000000000,0xA8,Error,Error
0.322215000000000,0xD4,Error,
0.323340000000000,0xFF,,
0.324470000000000,0xFF,,
0.328610000000000,0xFF,,
0.334010000000000,0xFF,,
0.336165000000000,0xFF,,
0.339625000000000,0x7A,Error,Error
0.340730000000000,0x47,Error,Error
0.341865000000000,0xBD,,
0.343145000000000,0xFF,,
0.353950000000000,0xBF,Error,
0.355775000000000,0xFF,,
0.356975000000000,0xFF,,
0.358870000000000,0xAF,,
0.359965000000000,0xD4,Error,
0.361080000000000,0x68,Error,Error
0.362260000000000,0x5A,,
0.363420000000000,0xFD,Error,Error
0.364750000000000,0xFF,,
0.368820000000000,0xFF,,
0.371365000000000,0xFF,,
0.372930000000000,0xFF,,
0.374620000000000,0xEF,Error,
0.375865000000000,0xFF,,
0.377685000000000,0xFF,,
0.379440000000000,0xFD,,
0.388635000000000,0xFF,,
0.389780000000000,0xFF,,
0.390880000000000,0xFF,,
0.393940000000000,0xFF,,
0.400150000000000,0xFF,,Error
0.401385000000000,0xE9,,
0.402640000000000,0xFD,Error,
0.403740000000000,0xFF,,
0.409110000000000,0xFF,,
0.410760000000000,0xFF,,
0.413815000000000,0xFF,,
0.415380000000000,0xFF,,
0.416585000000000,0xFF,,
0.419075000000000,0x5F,,Error
0.420200000000000,0xA6,Error,Error
0.421300000000000,0x7A,Error,Error
0.422515000000000,0xDE,,
0.423685000000000,0xFF,,
0.424780000000000,0xFF,,
0.428670000000000,0xFF,,Error
0.431405000000000,0xFF,,
0.433515000000000,0xFF,,
0.436325000000000,0xFF,,
0.438740000000000,0xBF,Error,
0.441480000000000,0x84,Error,
0.442600000000000,0x7A,Error,Error
0.443735000000000,0xFD,Error,
0.445005000000000,0x45,,
0.446145000000000,0x7F,Error,
0.447290000000000,0xEF,Error,
0.448540000000000,0xFF,,
0.449895000000000,0xFF,,
0.451340000000000,0xFE,Error,
0.452495000000000,0xFF,,
0.453605000000000,0xFE,Error,
0.454785000000000,0xFF,,
0.456445000000000,0xFF,,
0.457565000000000,0xFB,Error,
0.459500000000000,0xFC,,
0.460610000000000,0xFF,,Error
0.461875000000000,0x7F,Error,Error
0.463085000000000,0x5E,Error,Error
0.464195000000000,0xFD,Error,
0.465395000000000,0xFE,Error,
0.466850000000000,0xFF,,
0.468930000000000,0xFF,,
0.470435000000000,0xFF,,
0.472050000000000,0xFF,,Error
0.473845000000000,0xFB,Error,
0.475075000000000,0xFE,Error,
0.476210000000000,0xDF,Error,Error
0.477330000000000,0xEF,,
0.478715000000000,0xDF,,
0.479810000000000,0x62,,Error
0.481000000000000,0x90,Error,
0.482120000000000,0x29,Error,Error
0.483255000000000,0xD5,Error,Error
0.484400000000000,0x8E,Error,
0.485575000000000,0xFD,Error,
0.494005000000000,0xFF,,
0.497200000000000,0xFF,,
0.499475000000000,0xF7,Error,
0.500685000000000,0x88,,Error
0.502260000000000,0xFE,Error,
0.504165000000000,0xFF,,
0.511255000000000,0xFF,,
0.512485000000000,0xFF,,
0.513870000000000,0xFF,Error,
0.515065000000000,0xFF,,
0.516940000000000,0xFF,,
0.518700000000000,0xFF,Error,Error
0.519810000000000,0x51,,Error
0.520965000000000,0xA1,,
0.522195000000000,0xBF,Error,
0.523440000000000,0x7F,Error,
0.524535000000000,0xFF,,
0.530475000000000,0xFF,,
0.531925000000000,0xFF,,
0.534265000000000,0xFF,,
0.535915000000000,0xFF,,
0.537345000000000,0xFF,,
0.538570000000000,0xFF,Error,Error
0.539675000000000,0x2D,Error,Error
0.540815000000000,0x52,,Error
0.541940000000000,0xF9,Error,
0.543180000000000,0xFF,,
0.544275000000000,0xBF,Error,
0.548320000000000,0xFF,,
0.554335000000000,0xFF,,
0.559495000000000,0xE5,,
0.560700000000000,0xB9,Error,
0.564030000000000,0xFF,,
0.571950000000000,0xFF,,
0.574355000000000,0xFF,,
0.576140000000000,0xFD,Error,
0.577465000000000,0xFF,,
0.579200000000000,0x33,Error,Error
0.580365000000000,0x8A,,Error
0.581520000000000,0xC4,,
0.582695000000000,0xAF,,
0.583790000000000,0xBF,Error,
0.585075000000000,0xFF,,
0.586655000000000,0xFF,,
0.590810000000000,0xFF,,
0.593265000000000,0xFF,,
0.595820000000000,0xFF,,Error
0.597260000000000,0xFF,,
0.599505000000000,0xFF,,
0.603190000000000,0xFF,,
0.604300000000000,0xFD,Error,
0.611270000000000,0xFF,,
0.614590000000000,0xFF,,
0.619355000000000,0xFF,,
0.620470000000000,0xE9,,Error
0.621580000000000,0xF2,Error,
0.622690000000000,0xFF,,
0.623805000000000,0xFF,,
0.628320000000000,0xFF,,
0.630055000000000,0xFF,,
0.631730000000000,0xFF,,
0.633115000000000,0xFF,,
0.634330000000000,0xFF,,
0.635650000000000,0xFF,,
0.637715000000000,0xFF,,
0.639015000000000,0xBF,Error,
0.640110000000000,0xD0,Error,Error
0.641260000000000,0xCC,Error,Error
0.642420000000000,0xEB,,Error
0.643745000000000,0xFF,,
0.644855000000000,0xFF,,
0.648815000000000,0xFF,,
0.651030000000000,0xFF,,
0.653820000000000,0xFF,,
0.655035000000000,0xFF,,
0.656450000000000,0xFF,,
0.657745000000000,0xFF,,
0.660575000000000,0x82,Error,Error
0.661685000000000,0xA8,Error,Error
0.662800000000000,0xF5,,
0.664015000000000,0x4F,Error,Error
0.665440000000000,0xFF,,
0.666895000000000,0xFF,,
0.668245000000000,0xBF,Error,Error
0.669380000000000,0xFF,,
0.670550000000000,0xFF,,
0.671730000000000,0xFF,,
0.672825000000000,0xFF,,
0.673925000000000,0xEF,Error,
0.675530000000000,0xFF,,
0.676630000000000,0xF3,,
0.678650000000000,0xFF,,Error
0.680080000000000,0xDE,,
0.681220000000000,0xAD,Error,
0.682315000000000,0xCD,,
0.683435000000000,0x77,,Error
0.684580000000000,0xFB,Error,
0.685930000000000,0xFF,,Error
0.687055000000000,0xFF,Error,
0.689055000000000,0xFE,Error,Error
0.690160000000000,0xFF,Error,
0.691535000000000,0xDF,Error,
0.693215000000000,0xFF,Error,Error
0.694480000000000,0x7F,Error,
0.696335000000000,0xFF,,Error
0.697940000000000,0xEF,Error,
0.699455000000000,0x0C,Error,Error
0.700705000000000,0x02,Error,Error
0.701955000000000,0x05,,Error
0.703110000000000,0x6A,Error,Error
0.704220000000000,0xEC,Error,
0.707965000000000,0xFF,,
0.710525000000000,0xFF,,
0.712310000000000,0xFF,Error,
0.714220000000000,0xFF,,
0.719095000000000,0xF7,Error,
0.720460000000000,0xEE,,
0.721740000000000,0xFF,,
0.730270000000000,0xFF,,
0.732005000000000,0xFF,,
0.733695000000000,0xBF,Error,
0.736210000000000,0xFF,,
0.738330000000000,0xFF,,
0.739520000000000,0xBD,Error,
0.740760000000000,0xC1,,Error
0.742005000000000,0xB5,Error,
0.743245000000000,0xFD,Error,
0.744580000000000,0xFF,,
0.754120000000000,0xFF,,
0.755250000000000,0xFF,,
0.757110000000000,0xFF,,
0.758310000000000,0xFF,Error,
0.759550000000000,0x25,,
0.760750000000000,0x80,Error,Error
0.761870000000000,0xD2,,
0.762990000000000,0xE9,Error,
0.764305000000000,0xFB,Error,
0.770090000000000,0xFF,,
0.771345000000000,0xFF,,
0.772510000000000,0xFF,,
0.775815000000000,0xFF,,
0.777285000000000,0xFF,,
0.778755000000000,0xFF,,Error
0.780510000000000,0xFF,,
0.789620000000000,0xFF,,
0.792785000000000,0xFF,,
0.793930000000000,0xFF,,
0.795080000000000,0xFF,,
0.796715000000000,0xFF,,
0.798090000000000,0xEF,Error,
0.799560000000000,0x25,,Error
0.800675000000000,0x66,,
0.801780000000000,0xA7,,
0.802905000000000,0xDF,Error,
0.804345000000000,0xFF,,
0.809820000000000,0xFF,,
0.811350000000000,0xFF,,
0.813960000000000,0xFF,,
0.816210000000000,0xFF,,
0.822255000000000,0xFF,,Error
0.823530000000000,0xFD,Error,
0.828635000000000,0xFF,,
0.834310000000000,0xFF,,
0.839280000000000,0x3B,Error,Error
0.840385000000000,0xDC,,Error
0.841580000000000,0x1C,,
0.842750000000000,0xEF,Error,
0.843865000000000,0xFF,,
0.845145000000000,0xFF,,
0.846975000000000,0xFF,,
0.851820000000000,0xFF,,
0.854730000000000,0xFF,,
0.856605000000000,0xFF,,
0.859585000000000,0x07,,Error
0.860695000000000,0xEF,Error,Error
0.861980000000000,0x7E,,
0.870875000000000,0xFF,,
0.872550000000000,0xFF,,
0.873920000000000,0xFF,,
0.876985000000000,0xFF,,
0.879110000000000,0xBF,Error,
0.880825000000000,0xFE,Error,
0.884390000000000,0xFF,,
0.890060000000000,0xFF,,
0.891815000000000,0xFF,,
0.897985000000000,0xFF,,
0.900045000000000,0xFF,,Error
0.901165000000000,0xFF,,
0.902510000000000,0xFF,,
0.903830000000000,0xFF,,
0.905155000000000,0xFF,,
0.906375000000000,0xFF,,
0.908670000000000,0xFF,,
0.910395000000000,0xFF,,
0.911590000000000,0xFF,,
0.917775000000000,0xFF,,
0.919565000000000,0xEF,Error,
0.921045000000000,0xB3,Error,
0.922250000000000,0xEF,Error,
0.923345000000000,0xFD,Error,
0.931130000000000,0xFF,,
0.933925000000000,0xFF,,
0.936515000000000,0xFF,,
0.937975000000000,0xFF,,
0.939600000000000,0xA7,,Error
0.940710000000000,0x7F,Error,Error
0.942020000000000,0xA9,,Error
0.943200000000000,0xFF,,
0.944400000000000,0xFF,,
0.949905000000000,0xFF,,
0.953505000000000,0xFF,,
0.955440000000000,0xFF,,
0.960105000000000,0xFF,,
0.961215000000000,0xFF,,Error
0.962350000000000,0xFF,,
0.970170000000000,0xFF,,
0.974035000000000,0xFF,,
0.980070000000000,0xFF,,Error
0.981175000000000,0xD0,Error,
0.982310000000000,0xED,,
0.984660000000000,0xFF,,
0.992115000000000,0xFF,,
0.993385000000000,0xFF,,
0.996290000000000,0xFF,,
0.999625000000000,0xA4,,
1.000730000000000,0xF4,Error,
1.002025000000000,0xFD,Error,Error
1.003165000000000,0xFE,Error,
1.004400000000000,0xFF,,
1.009075000000000,0xFF,,
1.011120000000000,0xFF,,
1.015825000000000,0xDF,Error,
1.017200000000000,0xFF,,
1.018315000000000,0xFF,,
1.019625000000000,0x89,,
1.020740000000000,0x0C,,Error
1.021975000000000,0x4B,,Error
1.023130000000000,0xF5,,
1.024525000000000,0xFF,,
1.028745000000000,0xFF,,
1.030920000000000,0xFF,,
1.032625000000000,0xFF,,
1.034110000000000,0xFF,,
1.037670000000000,0xFF,,
1.039115000000000,0x6F,,Error
1.040220000000000,0x92,,
1.041330000000000,0x81,Error,Error
1.042540000000000,0xAB,,Error
1.043995000000000,0xFB,Error,
1.045350000000000,0xBF,Error,Error
1.046460000000000,0xFF,Error,Error
1.047580000000000,0xFF,,
1.048845000000000,0xFF,,
1.050030000000000,0xFF,,
1.051695000000000,0xFF,,
1.053775000000000,0xEF,Error,
1.054880000000000,0xFF,,
1.056895000000000,0xFF,,
1.058900000000000,0x36,Error,
1.060015000000000,0xD0,Error,Error
1.061225000000000,0x64,Error,
1.062325000000000,0x2F,Error,Error
1.063440000000000,0xBF,Error,
1.064930000000000,0xFB,Error,
1.066260000000000,0xFF,,Error
1.068340000000000,0xFF,,
1.069435000000000,0xFF,Error,
1.071360000000000,0xFE,Error,
1.072500000000000,0xFF,,Error
1.073640000000000,0xFF,Error,
1.075620000000000,0xFF,,Error
1.077700000000000,0xF9,,Error
1.079060000000000,0x3F,Error,Error
1.080235000000000,0x52,,Error
1.081410000000000,0xC4,Error,
1.082565000000000,0xAD,Error,Error
1.083675000000000,0xFD,Error,
1.090220000000000,0xFF,,
1.091415000000000,0xFF,,
1.092605000000000,0xFF,,
1.094325000000000,0xFF,,
1.098140000000000,0xFF,,
1.099660000000000,0xFF,,
1.104185000000000,0xFF,,
1.110905000000000,0xFF,,
1.112280000000000,0xFF,,
1.114410000000000,0xFF,,
1.116415000000000,0xFF,,
1.119850000000000,0xA9,,Error
1.120950000000000,0x56,Error,Error
1.122075000000000,0xE9,Error,Error
1.123220000000000,0xFE,Error,
1.127870000000000,0xFF,,
1.130650000000000,0xFF,,
1.132120000000000,0xFF,,
1.133710000000000,0xFF,,
1.136545000000000,0xFF,,
1.137910000000000,0xFF,,
1.139120000000000,0xEF,,Error
1.140285000000000,0x03,,Error
1.141400000000000,0x85,,
1.142615000000000,0xAF,,
1.143880000000000,0xFF,,
1.150940000000000,0xFF,,
1.154775000000000,0xFF,,
1.155900000000000,0xFF,,
1.157060000000000,0xFF,,
1.160900000000000,0xFF,,
1.164490000000000,0xFF,,
1.170390000000000,0xFF,,
1.173685000000000,0xFF,,
1.175265000000000,0xFF,,
1.177870000000000,0xFF,,Error
1.179670000000000,0x89,,Error
1.180915000000000,0x47,Error,
1.182010000000000,0x4B,,Error
1.183310000000000,0xFB,Error,
1.184715000000000,0xFF,,
1.187790000000000,0xFF,,
1.190940000000000,0xFF,,
1.193160000000000,0xFF,,
1.194455000000000,0xFF,,
1.201395000000000,0xFF,,
1.202595000000000,0xF9,,
1.203715000000000,0xFD,Error,
1.214005000000000,0xFF,,
1.219295000000000,0x7F,Error,
1.220605000000000,0xB0,,Error
1.221750000000000,0x50,,
1.223130000000000,0xEC,Error,
1.224230000000000,0xFF,,
1.229935000000000,0xFF,,
1.233600000000000,0xFF,,
1.237885000000000,0xFF,,
1.239010000000000,0x7F,,
1.240115000000000,0x2B,Error,
1.241385000000000,0xA1,Error,Error
1.242570000000000,0x6A,,Error
1.243705000000000,0xF7,Error,
1.244995000000000,0xFF,,
1.249940000000000,0xFF,,
1.252195000000000,0xFF,,
1.253855000000000,0xFE,Error,
1.258805000000000,0x7F,Error,Error
1.259985000000000,0x10,,Error
1.261095000000000,0x09,Error,
1.262190000000000,0x85,,Error
1.263355000000000,0xEB,,
1.264460000000000,0xBD,,Error
1.265565000000000,0xFF,Error,
1.267240000000000,0xFF,,
1.268590000000000,0xFE,Error,
1.271815000000000,0xFF,,
1.273895000000000,0xFF,,
1.275005000000000,0xFC,Error,
1.277020000000000,0xFF,,
1.279100000000000,0x4F,Error,Error
1.280215000000000,0xDF,,
1.281385000000000,0x35,,Error
1.282575000000000,0x62,Error,Error
1.283725000000000,0xFF,,Error
1.285005000000000,0xFB,Error,
1.286380000000000,0xFF,,
1.287820000000000,0xDF,Error,
1.289500000000000,0xFF,,Error
1.291580000000000,0xFF,Error,Error
1.293660000000000,0xFF,,Error
1.294765000000000,0xFF,Error,
1.296360000000000,0xF7,Error,
1.297760000000000,0xFF,,
1.298865000000000,0x79,Error,
1.299960000000000,0x9D,,
1.301150000000000,0x08,Error,Error
1.302295000000000,0x00,Error,
1.303425000000000,0xFD,Error,
1.304765000000000,0xFF,,
1.311930000000000,0xFF,,
1.313975000000000,0xFF,,
1.317390000000000,0xFF,,
1.319910000000000,0xFF,,
1.323445000000000,0xFF,,
1.330760000000000,0xFF,,
1.332660000000000,0xFF,,
1.334355000000000,0xFF,,
1.336385000000000,0xFF,,
1.337665000000000,0xFF,,
1.339265000000000,0xD7,Error,
1.340385000000000,0x29,,Error
1.341510000000000,0xDC,,
1.342615000000000,0xFB,Error,Error
1.343735000000000,0xFF,,
1.345005000000000,0xFF,,
1.349565000000000,0xFF,,
1.351510000000000,0xFF,,
1.352675000000000,0xFF,,
1.353820000000000,0xFF,,
1.356430000000000,0xFF,,
1.358035000000000,0xFF,,
1.359710000000000,0x85,,
1.360925000000000,0x80,Error,
1.362380000000000,0xB8,,Error
1.363580000000000,0xFE,Error,
1.370465000000000,0xFF,,
1.371980000000000,0xFF,,
1.374850000000000,0xFF,,
1.375960000000000,0xFF,,
1.377885000000000,0xFF,,
1.384020000000000,0xFF,,
1.389795000000000,0xFF,,
1.394670000000000,0xFF,,
1.395930000000000,0xFF,,
1.397775000000000,0xFF,,
1.399735000000000,0xBF,Error,Error
1.400860000000000,0x08,Error,Error
1.401975000000000,0x94,,
1.403160000000000,0x7F,Error,Error
1.404285000000000,0xFF,,
1.411230000000000,0xFF,,
1.412500000000000,0xFF,,
1.414800000000000,0xFF,,
1.420490000000000,0xFE,Error,
1.421605000000000,0xE2,,
1.422935000000000,0xFF,,
1.425025000000000,0xFF,,
1.434475000000000,0xFF,,
1.439920000000000,0x2C,Error,
1.441060000000000,0x59,Error,Error
1.442185000000000,0xA9,Error,Error
1.443320000000000,0xFE,Error,
1.444510000000000,0xFF,,
1.446510000000000,0xFF,,
1.447630000000000,0xFF,,
1.449975000000000,0xFF,,Error
1.452060000000000,0xFF,,
1.454370000000000,0xFF,,
1.458520000000000,0xFF,,
1.459750000000000,0xB5,,
1.460845000000000,0x10,Error,Error
1.462005000000000,0xDC,,
1.463185000000000,0xEF,Error,
1.464295000000000,0xBF,Error,
1.467440000000000,0xFF,,
1.472490000000000,0xFF,,
1.475865000000000,0xFF,,
1.479955000000000,0x28,Error,Error
1.481055000000000,0x74,Error,Error
1.482475000000000,0xA5,,Error
1.483595000000000,0x90,Error,
1.484855000000000,0xBF,,
1.486320000000000,0xBB,,
1.487675000000000,0xBF,Error,Error
1.488800000000000,0xFF,Error,Error
1.489950000000000,0xFF,,
1.491105000000000,0xFF,,
1.492355000000000,0xFF,,
1.494020000000000,0xFF,,
1.495140000000000,0xFF,Error,
1.496310000000000,0xFF,,
1.498180000000000,0xFF,,Error
1.500215000000000,0xB1,Error,
1.501310000000000,0x1B,,Error
1.502550000000000,0x76,Error,
1.503725000000000,0xBE,,
1.504830000000000,0xDF,Error,
1.506505000000000,0xFF,,Error
1.507630000000000,0xFF,Error,
1.509625000000000,0xFF,,
1.510735000000000,0xFF,,
1.512210000000000,0xFF,,
1.513680000000000,0xFE,Error,
1.514830000000000,0xFF,,Error
1.516905000000000,0xFF,,Error
1.518470000000000,0xEF,Error,
1.519765000000000,0x81,Error,
1.520975000000000,0xC0,,Error
1.522085000000000,0x42,,Error
1.523305000000000,0x60,Error,Error
1.524440000000000,0xFF,,
1.527365000000000,0xFF,,
1.533515000000000,0xFF,,
1.536120000000000,0xFF,,
1.537910000000000,0xFF,,
1.539220000000000,0xBF,Error,
1.540750000000000,0xFF,,
1.554130000000000,0xF7,Error,
1.555430000000000,0xFF,,
1.558230000000000,0xFF,,
1.559985000000000,0xAC,,Error
1.561095000000000,0x40,,Error
1.562315000000000,0xF0,Error,
1.563430000000000,0xFB,Error,
1.564565000000000,0xFF,,
1.573710000000000,0xFE,Error,
1.574910000000000,0xFF,,
1.576700000000000,0xFF,,
1.578175000000000,0xFF,,
1.579785000000000,0xE1,Error,Error
1.580915000000000,0x40,Error,Error
1.582140000000000,0xFB,Error,Error
1.583325000000000,0xFD,Error,
1.584430000000000,0xFF,,
1.593035000000000,0xFF,,
1.594645000000000,0xDF,Error,
1.603775000000000,0xFF,,
1.611240000000000,0xFF,,
1.614435000000000,0xFF,,
1.615705000000000,0xFF,,
1.616805000000000,0xFF,,
1.617950000000000,0xEF,Error,
1.619530000000000,0xE7,Error,Error
1.620635000000000,0x42,Error,Error
1.621810000000000,0x94,,
1.622935000000000,0x7A,Error,Error
1.624040000000000,0xFD,Error,
1.625365000000000,0xFF,,
1.632055000000000,0xFF,,
1.639595000000000,0xFF,Error,
1.640690000000000,0x42,,
1.641975000000000,0xBF,Error,
1.644060000000000,0xFF,,
1.647655000000000,0xFF,,
1.652225000000000,0xFF,,
1.659005000000000,0x7F,,Error
1.660145000000000,0x7B,Error,Error
1.661500000000000,0x82,,Error
1.662600000000000,0xD6,Error,
1.664045000000000,0xFF,,
1.665140000000000,0xFF,,
1.671130000000000,0xFF,,
1.674095000000000,0xFF,,
1.676975000000000,0xFF,,
1.683795000000000,0xFF,,
1.691095000000000,0xFF,,
1.696470000000000,0xFF,,
1.702645000000000,0xFF,,
1.703765000000000,0xEF,Error,
1.705160000000000,0xFF,,
1.708360000000000,0xFF,,
1.709885000000000,0xFF,,
1.715175000000000,0xFF,,
1.719825000000000,0xB7,,
1.720930000000000,0xDB,,Error
1.722045000000000,0xAF,Error,
1.723155000000000,0xDE,,
1.724325000000000,0xFF,,
1.733330000000000,0xFF,,
1.735670000000000,0xFF,,
1.736990000000000,0xFF,,
1.738770000000000,0xFF,,
1.740030000000000,0x2F,,Error
1.741135000000000,0xD6,Error,
1.742235000000000,0xFA,,
1.751560000000000,0xFF,,
1.752755000000000,0xFF,,
1.753920000000000,0xFF,,
1.755440000000000,0xFF,,
1.757715000000000,0xFF,,
1.758905000000000,0xFF,Error,
1.760010000000000,0x7E,,
1.761135000000000,0xF7,Error,
1.762255000000000,0xFF,,
1.770125000000000,0xFF,,
1.771335000000000,0xFF,,
1.775190000000000,0xFF,,
1.779850000000000,0xFF,Error,
1.781820000000000,0xFF,,
1.783295000000000,0xFF,,
1.788595000000000,0xFF,,
1.792095000000000,0xFF,,
1.793315000000000,0xFF,,
1.798830000000000,0xFF,,
1.800040000000000,0x2D,,
1.802075000000000,0xC5,Error,
1.803695000000000,0xFF,,
1.813940000000000,0xFF,,
1.815125000000000,0xFF,,
1.817305000000000,0xFF,,
1.819600000000000,0xB5,,
1.820695000000000,0x7E,Error,Error
1.821920000000000,0x73,Error,
1.823300000000000,0xED,,Error
1.824460000000000,0xFF,,
1.828480000000000,0xFF,,
1.829750000000000,0xFF,,
1.832345000000000,0xFF,,
1.834985000000000,0xFF,,
1.836535000000000,0xFF,,
1.837790000000000,0xFF,,
1.839345000000000,0xBF,,Error
1.840475000000000,0x02,,Error
1.841585000000000,0x86,,
1.843045000000000,0xAD,Error,Error
1.844350000000000,0xFF,,
1.854125000000000,0xFF,,Error
1.855225000000000,0xFF,,
1.856690000000000,0x5F,,
1.857785000000000,0xFF,Error,
1.858955000000000,0x48,Error,
1.860100000000000,0xA1,,
1.861200000000000,0xDB,,Error
1.862300000000000,0x9F,,
1.863395000000000,0xED,,
1.864985000000000,0xFE,Error,
1.866125000000000,0xFF,,
1.867375000000000,0xFF,,
1.868625000000000,0xFF,,
1.870290000000000,0xFF,,
1.871535000000000,0xFF,,
1.873395000000000,0xFF,,
1.874500000000000,0xFF,,
1.876530000000000,0x7F,Error,Error
1.877780000000000,0x75,Error,
1.879035000000000,0x59,,Error
1.880190000000000,0xC0,Error,Error
1.881340000000000,0xE1,Error,
1.882455000000000,0x7A,Error,
1.883575000000000,0xFF,,Error
1.884850000000000,0xFF,,Error
1.886935000000000,0xFF,,Error
1.888055000000000,0x7F,,
1.890055000000000,0xFF,,Error
1.891180000000000,0xFF,,
1.892610000000000,0xEF,Error,
1.893890000000000,0xFB,Error,
1.895255000000000,0xFD,Error,Error
1.896595000000000,0xBF,,Error
1.897700000000000,0xCE,Error,
1.898845000000000,0x80,Error,
1.899940000000000,0xD0,Error,
1.901045000000000,0xAF,,Error
1.902820000000000,0xFF,,
1.914265000000000,0xFF,,
1.920085000000000,0xFD,Error,
1.921315000000000,0xFF,,
1.922410000000000,0xFF,Error,
1.923590000000000,0xFD,Error,
1.931175000000000,0xFF,,
1.934830000000000,0xFF,,
1.936620000000000,0xFF,,
1.940080000000000,0x8B,,Error
1.941180000000000,0xBE,Error,
1.942275000000000,0x6B,Error,Error
1.943425000000000,0xF7,,
1.944610000000000,0xFF,,
1.949390000000000,0xFF,,
1.951825000000000,0xFF,,
1.954595000000000,0xFF,,
1.956835000000000,0xFF,,
1.958315000000000,0xFF,,
1.959645000000000,0xF7,Error,
1.960845000000000,0xFF,,
1.969935000000000,0xFF,,
1.975010000000000,0xFF,,
1.979900000000000,0xFF,,Error
1.981030000000000,0xFF,,
1.983100000000000,0xFF,,
1.984460000000000,0xFF,,
1.987250000000000,0xFF,,
1.989830000000000,0xFF,,
1.991150000000000,0xFF,,
1.992365000000000,0xFF,,
1.994580000000000,0xFF,,
1.997355000000000,0xFF,,
1.998475000000000,0xFF,,
1.999895000000000,0x65,Error,Error
2.001045000000000,0x30,,Error
2.002155000000000,0x94,,
2.003250000000000,0x5A,,
2.004380000000000,0xFF,,
2.005480000000000,0xFF,,
2.008410000000000,0xFF,,
2.010185000000000,0xFF,,
2.016975000000000,0xFF,,
2.018725000000000,0xFF,,
2.019920000000000,0xC5,Error,
2.021115000000000,0xBF,,Error
2.022230000000000,0xF8,Error,
2.023655000000000,0xFD,Error,
2.034440000000000,0xFF,,
2.036010000000000,0xFF,,
2.039915000000000,0xBB,Error,
2.041125000000000,0x81,,Error
2.042235000000000,0xDA,Error,
2.044280000000000,0xFE,Error,
2.050655000000000,0xFF,,
2.052885000000000,0xFF,,
2.055250000000000,0xFF,,
2.056560000000000,0xFF,Error,
2.058320000000000,0xFF,,
2.059440000000000,0x9F,Error,Error
2.060585000000000,0x0B,Error,Error
2.061700000000000,0xD5,,
2.063115000000000,0xED,,
2.064425000000000,0xFF,,
2.073875000000000,0xBF,Error,
2.075110000000000,0xEB,,
2.076375000000000,0x1B,,Error
2.077480000000000,0xFF,,
2.078690000000000,0x7B,,
2.079810000000000,0xF2,Error,Error
2.080920000000000,0xD1,Error,
2.082040000000000,0x7F,,
2.083235000000000,0xFF,,
2.085105000000000,0xFF,,
2.086560000000000,0xFF,,
2.088225000000000,0xFF,,
2.089350000000000,0xBF,Error,
2.092165000000000,0xFF,,
2.093480000000000,0xFF,,
2.094700000000000,0xCE,Error,
2.095805000000000,0xAA,,
2.096965000000000,0xDB,,
2.098630000000000,0xFF,,Error
2.099940000000000,0x8D,Error,
2.101045000000000,0x1E,Error,Error
2.102255000000000,0x46,Error,Error
2.103365000000000,0xF7,Error,
2.104480000000000,0xB7,,
2.105910000000000,0xFF,Error,Error
2.107010000000000,0xFF,Error,
2.109030000000000,0xFF,,Error
2.110135000000000,0xFF,Error,
2.111240000000000,0xFF,Error,
2.113150000000000,0xFB,Error,Error
2.114250000000000,0xFF,,Error
2.115360000000000,0xB0,,
2.116625000000000,0x28,Error,
2.118415000000000,0xFF,,
2.119945000000000,0xF7,Error,
2.121145000000000,0xFF,,
2.129105000000000,0xFF,,
2.134615000000000,0xFF,,
2.140475000000000,0xFE,Error,
2.141725000000000,0xD4,Error,
2.142820000000000,0x7F,Error,Error
2.143935000000000,0xFF,,
2.145040000000000,0xFF,,
2.148000000000000,0xFF,,
2.150015000000000,0xFF,,
2.151205000000000,0xFF,,
2.154340000000000,0xFF,,
2.156405000000000,0xFF,,
2.159070000000000,0x7F,Error,
2.160240000000000,0x84,,
2.161345000000000,0x8A,Error,Error
2.162605000000000,0xE8,,Error
2.163905000000000,0xFF,,
2.165025000000000,0xFF,,
2.171245000000000,0xFF,,
2.172450000000000,0xFF,,
2.174340000000000,0xFF,,
2.176410000000000,0xFF,,
2.177530000000000,0xFF,,
2.183180000000000,0xFD,Error,
2.184475000000000,0xBF,Error,
2.188280000000000,0xFF,,
2.190955000000000,0xFF,,
2.192685000000000,0xFF,,
2.199925000000000,0xFF,,
2.201875000000000,0xFF,,Error
2.203000000000000,0xFF,,
2.204195000000000,0xFF,,
2.212195000000000,0xFF,,
2.215080000000000,0xFF,,
2.216285000000000,0xFF,,
2.217945000000000,0xFF,,
2.219275000000000,0x3F,Error,
2.220385000000000,0x8B,Error,Error
2.221490000000000,0x11,Error,
2.222740000000000,0xD4,,
2.223945000000000,0xFF,,Error
2.225075000000000,0xFF,,
2.229080000000000,0xFF,,
2.231785000000000,0xFF,,
2.239960000000000,0xBF,,Error
2.241095000000000,0xD0,Error,
2.242880000000000,0xFF,,
2.248375000000000,0xFF,,
2.251975000000000,0xFF,,
2.253485000000000,0xEF,Error,
2.254585000000000,0xFF,,
2.256420000000000,0xFF,,
2.257700000000000,0xFF,,
2.258975000000000,0xFE,Error,
2.260075000000000,0xD2,Error,Error
2.261230000000000,0xC4,Error,
2.262900000000000,0xAB,Error,Error
2.264220000000000,0xFF,,
2.265545000000000,0xFF,,
2.270490000000000,0xFF,,
2.272230000000000,0xFF,,
2.273615000000000,0xFF,,
2.274865000000000,0xF7,Error,
2.277000000000000,0xFF,,
2.278400000000000,0xFF,,
2.279985000000000,0xE5,Error,Error
2.281120000000000,0x38,Error,Error
2.282240000000000,0xD4,Error,
2.283360000000000,0x7B,,
2.284485000000000,0xFF,,
2.287570000000000,0xFF,,
2.291030000000000,0xFF,,
2.292195000000000,0xFF,,
2.293475000000000,0x7F,Error,
2.294570000000000,0xFF,Error,
2.295760000000000,0x58,Error,
2.296905000000000,0xBF,,
2.298365000000000,0xFB,Error,
2.299720000000000,0xA7,Error,Error
2.300925000000000,0x7F,,
2.302110000000000,0x69,,Error
2.303210000000000,0xBF,Error,
2.304395000000000,0xFF,,
2.305555000000000,0xFF,,
2.307100000000000,0xFF,,
2.308215000000000,0xFC,,
2.310215000000000,0xFF,,
2.311955000000000,0xFB,Error,
2.313345000000000,0xFB,Error,Error
2.314460000000000,0xEA,,
2.315840000000000,0xD9,Error,
2.317385000000000,0xFE,Error,
2.318545000000000,0xFF,,Error
2.319845000000000,0x9A,,Error
2.320985000000000,0x81,Error,
2.322085000000000,0x5B,Error,Error
2.323320000000000,0xDE,Error,
2.324495000000000,0xFB,Error,
2.325720000000000,0xFF,,
2.326865000000000,0xFF,,Error
2.328935000000000,0xFF,,Error
2.330040000000000,0xFF,,
2.331305000000000,0x9F,Error,Error
2.332440000000000,0xDF,Error,
2.334150000000000,0x65,,Error
2.335500000000000,0xA0,Error,
2.338195000000000,0xFF,,
2.341270000000000,0xFF,,
2.342920000000000,0x7F,Error,Error
2.344030000000000,0xFF,,
2.345310000000000,0xFF,,
2.348495000000000,0xFF,,
2.350745000000000,0xFF,,
2.355175000000000,0xFF,,
2.360015000000000,0xE7,Error,
2.361225000000000,0xBF,,Error
2.362325000000000,0x5F,,
2.363435000000000,0xEF,Error,
2.364535000000000,0xFF,,
2.370490000000000,0xFF,,
2.373285000000000,0xFF,Error,
2.374845000000000,0xFF,,
2.379090000000000,0xFF,,
2.380195000000000,0x2E,Error,
2.381290000000000,0x46,,
2.382400000000000,0x2B,,Error
2.383515000000000,0xF5,,
2.385055000000000,0xFD,Error,
2.387030000000000,0xFF,,
2.389585000000000,0xFF,,
2.391295000000000,0xFF,,
2.392730000000000,0xFF,,
2.394395000000000,0xFF,,
2.396545000000000,0xFF,,
2.401695000000000,0xBF,Error,Error
2.402795000000000,0xD6,,
2.403980000000000,0xFF,,
2.410065000000000,0xFF,,
2.413490000000000,0xFF,,
2.414720000000000,0xFF,,
2.418740000000000,0xFF,,
2.420730000000000,0xFF,,Error
2.421870000000000,0xCF,,Error
2.423030000000000,0xF7,Error,
2.424625000000000,0xFF,,
2.428570000000000,0xFF,,
2.434490000000000,0xFF,,
2.436160000000000,0xEF,Error,
2.437645000000000,0xFF,,
2.438810000000000,0xFF,,
2.439905000000000,0x5A,,Error
2.441065000000000,0x54,,
2.442175000000000,0x2C,Error,Error
2.443290000000000,0xF7,Error,
2.444515000000000,0xFB,Error,
2.452990000000000,0xFF,,
2.454650000000000,0xFB,Error,
2.455760000000000,0xFF,,
2.459750000000000,0x6B,Error,Error
2.460920000000000,0xFF,,
2.462445000000000,0xFF,,
2.464935000000000,0xFF,,
2.471315000000000,0xFF,,
2.473000000000000,0xFF,,
2.474400000000000,0xFF,,
2.475830000000000,0xFF,,
2.477945000000000,0xFF,,
2.480045000000000,0xF7,Error,
2.481250000000000,0xFF,,
2.491265000000000,0xFF,,
2.494415000000000,0xFF,,
2.498425000000000,0xFF,,
2.500745000000000,0xFF,,
2.502020000000000,0xB7,Error,
2.503455000000000,0xFB,Error,
2.504570000000000,0xFF,,
2.509040000000000,0xFF,,
2.510280000000000,0xFF,,
2.511560000000000,0xFF,,
2.513780000000000,0xFF,,
2.517930000000000,0xFF,,
2.521145000000000,0x46,Error,
2.522275000000000,0xB5,,
2.523485000000000,0xEF,Error,
2.532545000000000,0xFF,,
2.534940000000000,0xFF,,
2.537000000000000,0xFF,,
2.538390000000000,0xFF,,
2.540060000000000,0xB5,Error,
2.541350000000000,0x18,Error,Error
2.542500000000000,0xED,,
2.544040000000000,0xFF,,
2.550340000000000,0xFF,,
2.552835000000000,0xFF,Error,
2.554945000000000,0xFF,,
2.556455000000000,0xFF,,
2.561105000000000,0x7E,,
2.562235000000000,0xFF,,
2.564320000000000,0xFF,,
2.570030000000000,0xFF,,
2.571300000000000,0xFF,,
2.580100000000000,0xFE,Error,
2.581265000000000,0x88,,
2.582505000000000,0xB7,,
2.584325000000000,0xFF,,
2.588095000000000,0xFF,,
2.595240000000000,0xFF,,
2.597700000000000,0xFF,,
2.598890000000000,0xFF,,
2.600125000000000,0x14,,
2.601235000000000,0x9C,,Error
2.602380000000000,0xD4,Error,
2.603505000000000,0xEF,Error,
2.604875000000000,0xFF,,
2.610845000000000,0xFF,,
2.613705000000000,0xFF,,
2.614950000000000,0xFF,,
2.618605000000000,0xFF,,
2.620270000000000,0xBF,Error,
2.634475000000000,0xFF,,
2.636425000000000,0xFF,,
2.638560000000000,0xFF,,
2.639860000000000,0x95,Error,
2.640970000000000,0x07,,Error
2.642075000000000,0xB7,Error,
2.643270000000000,0xAB,Error,
2.644590000000000,0xFF,,
2.650030000000000,0xFF,,
2.651345000000000,0xFF,,
2.654890000000000,0xFF,,
2.656635000000000,0xFF,,
2.658790000000000,0xFF,,
2.660090000000000,0x21,,
2.661185000000000,0xD2,,Error
2.662315000000000,0xC5,,
2.663545000000000,0xFD,Error,
2.664845000000000,0xFF,,
2.669210000000000,0xFF,,
2.670990000000000,0xFF,,
2.672585000000000,0x1F,Error,Error
2.673745000000000,0xFF,,
2.675010000000000,0xEF,Error,
2.676295000000000,0xFF,,
2.677420000000000,0xFD,Error,
2.679000000000000,0xFD,Error,Error
2.680130000000000,0xFE,,
2.681290000000000,0xF9,,
2.682540000000000,0xFF,,
2.684200000000000,0xFF,,
2.685455000000000,0xF9,,
2.687325000000000,0xFF,,
2.688445000000000,0xFF,,
2.690460000000000,0xFF,,
2.691555000000000,0xEA,Error,
2.692940000000000,0xFD,Error,Error
2.694460000000000,0xFF,,
2.695645000000000,0xFF,,Error
2.697350000000000,0xF7,Error,
2.698765000000000,0xFF,,Error
2.700105000000000,0xE5,,
2.701310000000000,0x82,,Error
2.702425000000000,0xC2,Error,
2.703540000000000,0xF7,Error,
2.704650000000000,0xFB,Error,
2.706050000000000,0xFF,,Error
2.708130000000000,0xFF,,Error
2.709250000000000,0xFC,Error,
2.711250000000000,0xFD,Error,
2.712345000000000,0x8D,Error,Error
2.713450000000000,0xFF,,
2.714580000000000,0xFF,,
2.715695000000000,0xFF,,
2.720330000000000,0xFF,,Error
2.721440000000000,0xC0,,
2.722770000000000,0xF9,,
2.724835000000000,0xFF,,
2.731325000000000,0xFF,,
2.734840000000000,0xFF,,
2.737985000000000,0xFF,,
2.740120000000000,0xA1,,
2.741345000000000,0xA1,Error,
2.742460000000000,0xDB,,
2.743680000000000,0xFE,Error,
2.745170000000000,0xFF,,
2.746405000000000,0xFF,,
2.752545000000000,0xFF,,
2.754560000000000,0xFF,,
2.756570000000000,0xFF,,
2.758460000000000,0xFF,,
2.759780000000000,0x1B,,Error
2.760880000000000,0xC1,,Error
2.761990000000000,0x5B,Error,
2.763320000000000,0xAD,Error,
2.764620000000000,0xFF,,Error
2.766490000000000,0xFF,,
2.770110000000000,0xFF,,
2.772555000000000,0xFF,,
2.780125000000000,0xA5,Error,
2.781220000000000,0xDB,,
2.783380000000000,0xF5,,
2.785255000000000,0xFF,,
2.794475000000000,0xFF,,
2.800565000000000,0x22,Error,Error
2.801710000000000,0x13,Error,Error
2.803055000000000,0xAB,Error,Error
2.804165000000000,0xFF,,
2.805440000000000,0xFD,Error,
2.809570000000000,0xFF,,
2.814435000000000,0xFB,Error,
2.817085000000000,0xFF,,
2.818410000000000,0xFF,,
2.820130000000000,0xD9,,Error
2.821230000000000,0x5E,,Error
2.822415000000000,0xD6,,
2.823565000000000,0xEB,,
2.825240000000000,0xFF,,
2.830695000000000,0xFF,,
2.834170000000000,0xFF,,
2.836235000000000,0xFF,,
2.842560000000000,0xFF,,Error
2.852395000000000,0xFF,,
2.853890000000000,0xFF,,
2.855225000000000,0xFF,,
2.856795000000000,0xFF,,
2.858575000000000,0xFF,,
2.859925000000000,0x97,Error,
2.861025000000000,0x43,,Error
2.862140000000000,0xDD,,
2.863350000000000,0xBD,,Error
2.864475000000000,0xFE,Error,
2.865725000000000,0xFF,,
2.870460000000000,0xFF,,
2.872400000000000,0xFF,,
2.873900000000000,0xFF,,
2.875065000000000,0xFF,,
2.878310000000000,0xFF,,
2.880130000000000,0xED,,
2.881350000000000,0x68,,Error
2.882470000000000,0x52,Error,
2.883590000000000,0xEF,Error,
2.887040000000000,0xFE,Error,
2.888230000000000,0xFB,Error,
2.889375000000000,0xFD,Error,
2.890595000000000,0x77,,
2.891695000000000,0xFF,,
2.892880000000000,0x7F,Error,
2.894130000000000,0xFF,,
2.895480000000000,0xFB,Error,
2.896835000000000,0xFE,Error,
2.897980000000000,0xFF,,
2.899095000000000,0xFF,,
2.900475000000000,0xDE,,
2.902140000000000,0xBF,Error,
2.903235000000000,0x9A,Error,
2.905260000000000,0xFF,,
2.907340000000000,0xFF,,
2.908480000000000,0x9D,Error,
2.909630000000000,0x7D,,
2.910885000000000,0xDB,,
2.912545000000000,0xFF,,
2.913650000000000,0xFF,Error,
2.914875000000000,0x7F,Error,
2.916085000000000,0xDF,Error,
2.917745000000000,0xFF,,Error
2.919135000000000,0xBF,Error,Error
2.920280000000000,0x62,Error,Error
2.921400000000000,0x21,Error,
2.922495000000000,0x53,,
2.923595000000000,0xE7,,
2.924930000000000,0xFF,,
2.926070000000000,0xFF,,Error
2.927180000000000,0xFC,Error,
2.929185000000000,0x7F,Error,Error
2.930325000000000,0xE7,Error,
2.931420000000000,0xFF,,
2.932930000000000,0xFF,,
2.934430000000000,0xFB,Error,
2.940175000000000,0xAD,,
2.941365000000000,0xFE,Error,
2.943075000000000,0x6B,Error,Error
2.944935000000000,0xFF,,
2.954555000000000,0xFF,,
2.956220000000000,0xFF,,
2.957860000000000,0xFF,,
2.959135000000000,0xFF,,Error
2.960250000000000,0x16,Error,
2.961380000000000,0x9A,Error,Error
2.962500000000000,0x5F,,
2.963605000000000,0xEF,Error,
2.965230000000000,0xFD,Error,
2.970975000000000,0xFF,,
2.972695000000000,0xFF,,
2.974845000000000,0xFF,,
2.976810000000000,0xFF,,
2.977925000000000,0xFF,,
2.979155000000000,0xFF,,Error
2.980265000000000,0x50,Error,
2.981435000000000,0x84,,
2.982575000000000,0xEA,Error,Error
2.983675000000000,0xFD,Error,
2.984845000000000,0xFF,,
2.989385000000000,0xFF,,
2.990990000000000,0xFF,,
2.994840000000000,0xFF,,
3.003115000000000,0xFF,,Error
3.004410000000000,0xFF,,
3.007920000000000,0xFF,,
3.009565000000000,0xFF,,
3.014500000000000,0xFF,,
3.018585000000000,0xFF,,
3.020895000000000,0xFF,,Error
3.022045000000000,0xCC,,Error
3.023150000000000,0xEF,Error,
3.024440000000000,0xFF,,
3.025535000000000,0xFF,,
3.029495000000000,0xFF,,
3.031490000000000,0xFF,,
3.034225000000000,0xFF,,Error
3.035600000000000,0xFF,,
3.037840000000000,0xFF,,
3.039425000000000,0xBF,,
3.040645000000000,0x28,,Error
3.041770000000000,0x90,,
3.042870000000000,0xE9,Error,
3.043965000000000,0xFD,Error,
3.045100000000000,0xFF,,
3.050295000000000,0xFF,,
3.054345000000000,0xFF,,
3.055965000000000,0xFF,,
3.058460000000000,0xFF,,
3.060210000000000,0xED,,
3.061615000000000,0xFF,,
3.070265000000000,0xFF,,
3.071650000000000,0xFF,,
3.073340000000000,0xFF,,
3.075415000000000,0xFF,,
3.077865000000000,0xFF,,
3.079150000000000,0xFF,,Error
3.080280000000000,0xF8,Error,
3.081415000000000,0x9B,,Error
3.082530000000000,0x76,Error,
3.083640000000000,0xEF,Error,
3.084755000000000,0xFF,,
3.086570000000000,0xFF,,
3.091425000000000,0xFF,,
3.094525000000000,0xFF,,
3.095925000000000,0xFF,,
3.098830000000000,0xFF,Error,
3.099925000000000,0x2B,Error,Error
3.101060000000000,0x9A,Error,Error
3.102175000000000,0xB9,,
3.103355000000000,0x7F,Error,Error
3.104485000000000,0xFF,,
3.107925000000000,0xFF,,
3.110825000000000,0xFF,,
3.112315000000000,0xFF,,Error
3.113690000000000,0x5F,Error,Error
3.114800000000000,0xD3,Error,
3.116465000000000,0xBF,Error,Error
3.117895000000000,0xDF,Error,
3.119245000000000,0xFB,Error,
3.120430000000000,0x29,Error,Error
3.121530000000000,0xF5,,
3.122785000000000,0xF7,Error,
3.123920000000000,0xFF,Error,
3.125905000000000,0xFF,,Error
3.127020000000000,0xF9,,
3.130065000000000,0xFF,,Error
3.131200000000000,0xFF,,
3.132460000000000,0xB7,,
3.133600000000000,0xDD,,Error
3.134715000000000,0xEC,Error,
3.136305000000000,0xFF,,Error
3.138385000000000,0xFF,,Error
3.140210000000000,0xA9,Error,Error
3.141320000000000,0x9C,Error,Error
3.142450000000000,0xA4,,
3.143590000000000,0x7A,,Error
3.145065000000000,0xDF,Error,
3.146710000000000,0xFF,,Error
3.147830000000000,0xFF,Error,
3.149830000000000,0xFF,,Error
3.150950000000000,0xFD,Error,
3.152960000000000,0x6F,,Error
3.154075000000000,0xC9,Error,Error
3.155205000000000,0xFF,,
3.156715000000000,0xFF,,
3.161930000000000,0xBF,Error,Error
3.163045000000000,0xD7,,
3.164220000000000,0xEF,Error,
3.171690000000000,0xFF,,
3.174605000000000,0xFF,,
3.178945000000000,0xFF,,
3.180465000000000,0xA3,,Error
3.181565000000000,0x6F,Error,Error
3.182685000000000,0xAF,,
3.183960000000000,0xFD,Error,
3.185330000000000,0xFF,,
3.191500000000000,0xFF,,
3.192705000000000,0xFF,,
3.193980000000000,0xFF,,
3.195160000000000,0xFF,,
3.197145000000000,0xFF,,
3.198945000000000,0xFF,,
3.200240000000000,0xA7,Error,Error
3.201365000000000,0x43,Error,Error
3.202475000000000,0x85,Error,
3.203690000000000,0xA5,,
3.204945000000000,0xFF,,
3.210790000000000,0xFF,,
3.214000000000000,0xFF,,
3.220505000000000,0xFE,Error,
3.221605000000000,0xC2,Error,Error
3.222755000000000,0xF5,Error,
3.224995000000000,0xFF,,
3.239770000000000,0xFF,Error,
3.240975000000000,0xA3,Error,
3.242170000000000,0xF9,,
3.243455000000000,0xAF,,
3.244550000000000,0xFF,,
3.249135000000000,0xFF,,
3.250580000000000,0xFF,Error,
3.253770000000000,0xFF,,
3.255105000000000,0xFF,,
3.256925000000000,0xFF,,
3.258940000000000,0xFF,,
3.260260000000000,0xB1,Error,Error
3.261375000000000,0x00,,
3.262605000000000,0xCA,,
3.263715000000000,0xAD,Error,
3.264870000000000,0xFF,,
3.266315000000000,0xFF,,
3.272210000000000,0xFF,,
3.273750000000000,0xFF,,
3.274890000000000,0xFF,,
3.276970000000000,0xFF,,
3.278685000000000,0xFF,,
3.280280000000000,0xFF,,
3.284805000000000,0xFF,,
3.288015000000000,0xFF,,
3.290815000000000,0xFF,,
3.294380000000000,0xFF,,
3.297560000000000,0xFF,,
3.299440000000000,0xFF,,Error
3.303735000000000,0xFF,,
3.305340000000000,0xFD,Error,
3.311520000000000,0xFF,,
3.313785000000000,0xFF,,
3.320530000000000,0xB7,,
3.321635000000000,0xCA,,Error
3.322770000000000,0xF5,Error,
3.323890000000000,0xFA,,
3.325330000000000,0xFF,,
3.329150000000000,0xFF,,
3.337245000000000,0xFF,,
3.340295000000000,0xF7,Error,
3.341715000000000,0x20,Error,Error
3.342815000000000,0xD6,,
3.350515000000000,0xFF,,
3.352755000000000,0xFF,,
3.354060000000000,0xFF,,
3.360310000000000,0xD7,,
3.361770000000000,0xB7,,
3.363495000000000,0xBD,,
3.364590000000000,0xFF,,
3.372235000000000,0xFF,,
3.374030000000000,0xEF,Error,
3.375375000000000,0xFF,,
3.376890000000000,0xFF,,
3.380180000000000,0xCF,,Error
3.381335000000000,0xFE,Error,
3.382475000000000,0xBD,,
3.384020000000000,0xFF,,
3.394900000000000,0xFF,,
3.400315000000000,0xBF,,Error
3.402295000000000,0xFF,,
3.403425000000000,0xFF,,
3.404835000000000,0xBF,Error,
3.410140000000000,0xFF,,
3.412800000000000,0xFD,Error,
3.414960000000000,0xFF,,
3.420315000000000,0xA5,Error,
3.421595000000000,0x70,Error,
3.423750000000000,0xFF,,
3.425390000000000,0xFF,,
3.431820000000000,0xFF,,
3.434330000000000,0xFF,,
3.436315000000000,0xFF,,
3.438760000000000,0xFF,,
3.440315000000000,0xE7,Error,Error
3.441445000000000,0x60,,Error
3.442555000000000,0xB5,Error,
3.443795000000000,0xBD,,
3.444915000000000,0xFF,,
3.451865000000000,0xFF,,
3.453575000000000,0xFF,,
3.455235000000000,0xFF,,
3.457470000000000,0xFF,,
3.458810000000000,0xFF,,
3.463460000000000,0x7F,Error,
3.464590000000000,0xFF,,
3.471540000000000,0xFF,,
3.473050000000000,0xFF,,
3.474695000000000,0xFF,,
3.476510000000000,0xFF,,
3.482505000000000,0xFF,,Error
3.483640000000000,0xDE,,
3.484840000000000,0xFE,Error,
3.494680000000000,0xFB,Error,
3.500340000000000,0xED,Error,
3.501535000000000,0x8F,Error,Error
3.502650000000000,0x57,,
3.503760000000000,0xFF,,Error
3.505400000000000,0xFD,Error,
3.509910000000000,0xFF,,
3.511350000000000,0xFF,,
3.513325000000000,0xFD,Error,
3.514780000000000,0xFF,,
3.518810000000000,0xFF,,
3.520020000000000,0x2B,Error,
3.521115000000000,0x9C,Error,Error
3.522215000000000,0x6C,,Error
3.523340000000000,0xF7,,
3.524550000000000,0xEF,Error,
3.525650000000000,0xFF,,
3.527975000000000,0xFF,,
3.530670000000000,0xFF,,
3.531865000000000,0xFF,,
3.533570000000000,0xFF,,
3.535915000000000,0xFF,,
3.540130000000000,0x95,Error,
3.541225000000000,0x62,Error,
3.542320000000000,0xA2,Error,
3.543425000000000,0x14,,Error
3.544590000000000,0xF6,,
3.545685000000000,0x7A,Error,
3.546800000000000,0xFF,,Error
3.547900000000000,0xDF,Error,
3.549920000000000,0xFE,Error,
3.551275000000000,0xFF,,Error
3.552520000000000,0xFF,,
3.554185000000000,0xFF,,
3.555290000000000,0xFF,Error,
3.556475000000000,0xFC,,
3.557745000000000,0xFF,,
3.559390000000000,0xFF,,Error
3.560515000000000,0x8B,Error,Error
3.561780000000000,0xA5,Error,
3.562925000000000,0xD9,Error,Error
3.564090000000000,0xEC,Error,
3.565220000000000,0xF7,Error,
3.566670000000000,0xFF,,Error
3.567780000000000,0xFF,Error,
3.569790000000000,0xFF,,
3.570905000000000,0xFF,Error,
3.572910000000000,0xFF,Error,Error
3.574040000000000,0xFF,Error,
3.576030000000000,0xFF,,Error
3.578050000000000,0xFE,Error,
3.579155000000000,0xDF,Error,Error
3.580355000000000,0x67,Error,Error
3.581570000000000,0x80,,
3.582665000000000,0xDE,Error,
3.583760000000000,0x90,,
3.584860000000000,0xFF,,
3.594925000000000,0xFF,,
3.597080000000000,0xFF,,
3.598530000000000,0xFF,,
3.600565000000000,0xFF,,
3.612555000000000,0xFF,,
3.614740000000000,0xFF,,
3.616815000000000,0xFF,,
3.618405000000000,0xFF,,
3.620360000000000,0xC5,Error,
3.621560000000000,0x89,Error,Error
3.622675000000000,0xD6,Error,
3.623805000000000,0xEF,Error,
3.625205000000000,0xFF,,
3.628275000000000,0xFF,,
3.631675000000000,0xFF,,
3.634130000000000,0xFF,,
3.635535000000000,0xFF,,
3.637190000000000,0xFF,,
3.639680000000000,0x7E,Error,
3.640795000000000,0x28,Error,Error
3.641895000000000,0x14,Error,
3.643020000000000,0xFE,Error,Error
3.644160000000000,0xFF,,
3.653370000000000,0xFF,,
3.655495000000000,0xFF,,
3.657225000000000,0xFF,,
3.675075000000000,0xFF,,
3.676990000000000,0xFF,,
3.678555000000000,0xFF,,
3.679870000000000,0xBF,Error,
3.681085000000000,0x2D,Error,Error
3.682190000000000,0x56,,
3.683285000000000,0xEF,Error,Error
3.684415000000000,0xBF,,
3.688995000000000,0xFF,,
3.690370000000000,0xFF,,
3.694150000000000,0xFF,,
3.695315000000000,0xFF,,
3.701805000000000,0xBF,Error,Error
3.703055000000000,0xA9,,Error
3.704190000000000,0xFE,Error,
3.719665000000000,0xFF,,
3.720850000000000,0x21,,Error
3.722000000000000,0xC0,,
3.723155000000000,0xD7,,
3.724315000000000,0xFF,,
3.727920000000000,0xFF,,
3.734545000000000,0xFF,,
3.737710000000000,0xFF,,
3.738885000000000,0xFF,,
3.740395000000000,0xA1,,
3.741490000000000,0x11,Error,
3.742795000000000,0xE9,Error,Error
3.743920000000000,0xF5,,
3.745170000000000,0xFF,,
3.751430000000000,0xFF,,
3.752635000000000,0xFF,,
3.754160000000000,0xFF,,
3.759115000000000,0xFF,,
3.760395000000000,0xA5,Error,Error
3.761510000000000,0xA2,Error,Error
3.762665000000000,0x45,Error,
3.763765000000000,0x59,,
3.764945000000000,0xEF,Error,
3.766205000000000,0xFF,,
3.767545000000000,0xFF,,
3.768900000000000,0xFD,Error,
3.769995000000000,0xFE,,
3.772020000000000,0xFF,,
3.774100000000000,0xFF,,
3.775210000000000,0x9F,Error,
3.777040000000000,0xFF,,
3.778260000000000,0xFF,,
3.779365000000000,0xFF,Error,
3.780615000000000,0xA1,,
3.781800000000000,0x4C,,Error
3.782905000000000,0xA4,Error,
3.784035000000000,0xEA,Error,
3.785170000000000,0xF7,Error,
3.786435000000000,0xFE,Error,
3.787625000000000,0xFF,,Error
3.788745000000000,0xFF,Error,
3.790745000000000,0xFF,,Error
3.791865000000000,0x7F,Error,
3.793865000000000,0xFF,,Error
3.794990000000000,0xFF,Error,
3.796985000000000,0xFF,,Error
3.799070000000000,0xF9,,Error
3.800360000000000,0x39,,Error
3.801695000000000,0x03,Error,Error
3.802880000000000,0xA3,Error,
3.804125000000000,0xFD,Error,
3.805490000000000,0xFF,,
3.812180000000000,0xFF,,
3.813390000000000,0xFF,,
3.814495000000000,0xFF,,Error
3.817395000000000,0xFF,,
3.823360000000000,0xFF,,Error
3.833960000000000,0xFF,,
3.835055000000000,0xFF,,
3.838825000000000,0xFF,,
3.840200000000000,0xD5,,Error
3.841300000000000,0x62,Error,Error
3.842400000000000,0x25,Error,
3.843580000000000,0xFF,,
3.844920000000000,0xFF,,
3.848900000000000,0xFF,,
3.850925000000000,0xFF,,
3.852170000000000,0xFF,,
3.855335000000000,0xFF,,
3.856440000000000,0xFF,,
3.858240000000000,0xFF,,
3.859415000000000,0xFF,,Error
3.860590000000000,0x03,,Error
3.861865000000000,0x27,,Error
3.863005000000000,0xDB,,
3.864140000000000,0xFF,,
3.865765000000000,0xFF,,
3.870515000000000,0xFF,,
3.872145000000000,0xFF,,
3.874165000000000,0xFF,,
3.875805000000000,0xFF,,
3.877175000000000,0xFF,,
3.884930000000000,0xFF,,
3.890755000000000,0xFF,,
3.891935000000000,0xFF,,
3.893160000000000,0xFF,,
3.894335000000000,0xFF,,
3.896500000000000,0xFF,,
3.897605000000000,0xFF,,
3.898885000000000,0xFF,,
3.900440000000000,0xA1,Error,Error
3.901540000000000,0x84,,
3.902635000000000,0xE5,Error,
3.903745000000000,0xD6,Error,
3.904950000000000,0xFF,,
3.910995000000000,0xFF,,
3.912215000000000,0xFF,,
3.915125000000000,0xFF,,
3.920460000000000,0xFF,,
3.921555000000000,0x82,,
3.922700000000000,0xDC,,
3.924965000000000,0xFF,,
3.932165000000000,0xFF,,
3.934530000000000,0xFF,,
3.938150000000000,0xFF,,
3.940195000000000,0x9F,Error,Error
3.941310000000000,0xFA,,
3.942405000000000,0xBC,,
3.943510000000000,0xFE,,
3.944680000000000,0xFF,,
3.945785000000000,0xFF,,
3.947825000000000,0xFF,,
3.950760000000000,0xFF,,
3.952650000000000,0xFF,,
3.954550000000000,0xFF,,
3.957275000000000,0xFF,,
3.959605000000000,0xFF,,Error
3.960705000000000,0xD1,Error,Error
3.961820000000000,0x63,,Error
3.963030000000000,0x53,,
3.964145000000000,0xFF,,
3.965245000000000,0xFF,,
3.970710000000000,0xFF,,
3.978000000000000,0x7F,Error,
3.979205000000000,0xFF,,
3.980335000000000,0x40,,Error
3.981535000000000,0x00,Error,Error
3.982675000000000,0xA5,Error,
3.983820000000000,0x4E,,
3.985070000000000,0xDF,Error,
3.986420000000000,0xFB,Error,
3.987775000000000,0xFE,Error,
3.988920000000000,0xFF,,
3.990060000000000,0xFF,,
3.992040000000000,0xFF,,
3.994120000000000,0xFD,Error,Error
3.996200000000000,0xFF,,
3.998280000000000,0xFF,,
3.999380000000000,0xBD,Error,
4.000515000000000,0x08,,
4.001655000000000,0x00,,
4.002750000000000,0xD5,,
4.003905000000000,0x6B,Error,Error
4.005030000000000,0xEF,Error,
4.006605000000000,0xFF,,
4.008685000000000,0xFF,,
4.009795000000000,0xFF,,
4.010975000000000,0xFF,,
4.012845000000000,0xFF,,Error
4.014865000000000,0xFF,,
4.015965000000000,0xFF,,Error
4.017100000000000,0xFF,Error,
4.018255000000000,0x7E,,
4.019485000000000,0x5F,Error,Error
4.020705000000000,0x35,Error,Error
4.021950000000000,0xB3,,
4.023045000000000,0xFE,Error,
4.024185000000000,0xFF,,
4.025355000000000,0xFF,,
4.029085000000000,0xFF,,
4.034245000000000,0xFF,,
4.035680000000000,0xEF,Error,
4.036900000000000,0xFF,,
4.041695000000000,0xBF,,Error
4.042810000000000,0x7F,Error,
4.052425000000000,0xFF,,
4.054905000000000,0xBD,,
4.056745000000000,0xFF,,
4.058955000000000,0xFF,,
4.060490000000000,0xE1,Error,
4.061695000000000,0xAF,Error,
4.062895000000000,0xAB,Error,
4.064215000000000,0xFF,,
4.065815000000000,0xFD,Error,
4.070725000000000,0xFF,,
4.071945000000000,0xFF,,
4.075240000000000,0xFF,,
4.076745000000000,0xFF,,
4.078310000000000,0xFF,,
4.079460000000000,0xFF,,Error
4.080560000000000,0x18,Error,
4.081675000000000,0xA9,,Error
4.082775000000000,0xF7,Error,
4.088900000000000,0xFF,,
4.090740000000000,0xFF,,
4.091975000000000,0xFF,,
4.094155000000000,0xFF,,
4.103705000000000,0xBF,Error,
4.112965000000000,0xFF,,
4.115220000000000,0xFF,,
4.116485000000000,0xFF,,
4.117975000000000,0xFF,,
4.119615000000000,0xFF,Error,Error
4.120790000000000,0x8C,,
4.121885000000000,0x7C,Error,Error
4.123000000000000,0xB7,Error,
4.124155000000000,0xFB,Error,
4.125285000000000,0xEF,Error,
4.131045000000000,0xFF,,
4.132245000000000,0xFF,,
4.134810000000000,0xFF,,
4.140470000000000,0xE9,Error,
4.141720000000000,0xBE,,
4.143450000000000,0xFD,Error,Error
4.144565000000000,0xFF,,
4.145825000000000,0xFF,,
4.151735000000000,0xFF,,
4.152980000000000,0xFF,,
4.157255000000000,0xBF,Error,
4.159380000000000,0xFF,,
4.160520000000000,0xE7,Error,Error
4.161650000000000,0x68,Error,Error
4.162785000000000,0xD4,,
4.163970000000000,0xED,,
4.165085000000000,0xFF,,
4.171005000000000,0xFF,,
4.175440000000000,0xFF,,
4.177685000000000,0xFF,,
4.179450000000000,0xFF,,
4.180780000000000,0xFF,,
4.183725000000000,0xFF,,
4.191820000000000,0xFF,,
4.194635000000000,0xFF,,
4.195865000000000,0xFF,,
4.196965000000000,0xFF,,
4.202755000000000,0xFF,,
4.203965000000000,0xEF,Error,
4.207625000000000,0xFF,,
4.215460000000000,0xFF,,
4.220620000000000,0xDE,,
4.221740000000000,0x8B,Error,Error
4.222840000000000,0xD6,Error,
4.223970000000000,0xEF,Error,
4.225095000000000,0xFF,,
4.228960000000000,0xFF,,
4.234530000000000,0xFF,,
4.235650000000000,0xFF,,
4.237040000000000,0xFF,,
4.239010000000000,0xFF,,
4.240735000000000,0xA9,,
4.241950000000000,0x2B,,
4.243525000000000,0xFF,,
4.245615000000000,0xFF,,
4.254600000000000,0xFF,,
4.257480000000000,0xFF,,
4.259135000000000,0xFF,,
4.260550000000000,0xF7,Error,
4.261655000000000,0xFF,,
4.271060000000000,0xFF,,
4.272780000000000,0xFF,,
4.275395000000000,0xFF,,
4.279520000000000,0xFF,,
4.280745000000000,0xFF,,Error
4.281850000000000,0xFF,Error,
4.283225000000000,0xBD,,
4.284530000000000,0xFF,,
4.289595000000000,0xFF,,
4.291340000000000,0xFF,,
4.292535000000000,0xFF,,
4.300095000000000,0xDF,Error,
4.301755000000000,0x89,,Error
4.302865000000000,0xFF,,
4.303995000000000,0xE9,Error,
4.314805000000000,0xFF,,
4.316975000000000,0xFF,,
4.318085000000000,0xFF,,
4.320175000000000,0x5F,,
4.321315000000000,0x98,Error,
4.322415000000000,0x4E,,Error
4.323545000000000,0xBF,,
4.324790000000000,0xFF,,
4.327095000000000,0xFF,,
4.331100000000000,0xFF,,
4.335120000000000,0xFF,,
4.336240000000000,0xFF,,
4.338270000000000,0xFF,,
4.339825000000000,0xBF,,
4.340920000000000,0x52,,Error
4.342025000000000,0x78,Error,
4.343120000000000,0xDE,,
4.344275000000000,0xFD,Error,
4.345455000000000,0xFF,,
4.349495000000000,0xFF,,
4.351095000000000,0xFF,,
4.354875000000000,0xFF,,
4.356405000000000,0xFF,,
4.358010000000000,0x36,Error,
4.359210000000000,0xEE,,
4.360325000000000,0xE5,Error,
4.361420000000000,0xEA,,
4.362585000000000,0x91,Error,Error
4.363695000000000,0x7A,Error,Error
4.364815000000000,0xED,,
4.365910000000000,0xFF,,
4.367065000000000,0xFF,,
4.368310000000000,0xFF,,
4.369970000000000,0xFF,,
4.371220000000000,0xFF,,
4.374135000000000,0xFF,,Error
4.375245000000000,0xFF,Error,
4.376525000000000,0xFF,Error,
4.377670000000000,0xDD,,
4.378805000000000,0xEC,Error,
4.380260000000000,0x3A,,Error
4.381365000000000,0x1D,Error,Error
4.382600000000000,0x16,,
4.383780000000000,0xAD,Error,
4.385205000000000,0xFF,,
4.386615000000000,0xFF,,Error
4.388595000000000,0xFE,Error,
4.389740000000000,0xFF,,
4.390855000000000,0xFF,,
4.392070000000000,0x7F,Error,
4.393900000000000,0xFF,,
4.394995000000000,0xFE,,
4.396985000000000,0x79,Error,Error
4.398370000000000,0xA1,,
4.400080000000000,0xBF,,
4.401290000000000,0xEC,Error,
4.402575000000000,0xFF,,
4.412545000000000,0xFF,,
4.414070000000000,0xFF,,
4.421050000000000,0xFF,,Error
4.422150000000000,0xFF,,
4.423295000000000,0xFD,Error,
4.424560000000000,0xFF,,
4.425655000000000,0xFF,,
4.430915000000000,0xFF,,
4.432545000000000,0xFF,,
4.434665000000000,0xFF,,
4.435780000000000,0xFE,Error,
4.437185000000000,0xFF,,
4.440565000000000,0xF3,Error,Error
4.441815000000000,0x82,,Error
4.442950000000000,0xC2,Error,
4.444045000000000,0xED,,
4.445145000000000,0xFF,,
4.450375000000000,0xFF,,
4.451920000000000,0xFF,,
4.453030000000000,0xFF,,
4.454615000000000,0xFF,,
4.455830000000000,0xFF,,
4.457035000000000,0xFF,,
4.460605000000000,0xBF,Error,
4.465110000000000,0xFF,,
4.475205000000000,0xFF,,
4.480810000000000,0xFF,,
4.482825000000000,0xFF,,
4.484050000000000,0xEF,Error,
4.485155000000000,0xFF,,
4.491655000000000,0xFF,,
4.495190000000000,0xFF,,
4.498025000000000,0xFF,,
4.499935000000000,0x3E,Error,
4.501035000000000,0x0A,Error,Error
4.502180000000000,0x54,Error,
4.503280000000000,0xAF,,Error
4.504390000000000,0xF7,Error,
4.505500000000000,0xFF,,
4.516350000000000,0xFF,,
4.517830000000000,0xFF,,
4.519120000000000,0xFF,,
4.520655000000000,0xD6,,
4.521815000000000,0xBD,Error,Error
4.522930000000000,0xD2,,
4.524625000000000,0xFF,,
4.525955000000000,0xFF,,
4.531380000000000,0xFD,Error,
4.534370000000000,0xFF,,
4.535665000000000,0xFF,,
4.536800000000000,0xFF,,
4.540365000000000,0xE7,Error,Error
4.541485000000000,0x03,,Error
4.542600000000000,0xB5,,
4.543825000000000,0xEF,Error,
4.545120000000000,0xFE,Error,
4.550150000000000,0xFF,,
4.551940000000000,0xFF,,
4.554100000000000,0xFF,,
4.555555000000000,0xFF,,
4.557165000000000,0xBF,Error,
4.558740000000000,0xFF,,
4.560575000000000,0xF8,Error,Error
4.561715000000000,0x50,,Error
4.562905000000000,0xF4,,
4.564065000000000,0xEF,Error,
4.565165000000000,0xFF,,
4.567815000000000,0xFF,,
4.570055000000000,0xFF,,
4.573755000000000,0xFF,,
4.575005000000000,0xDF,Error,Error
4.576115000000000,0xFF,,
4.577300000000000,0x2B,,Error
4.578420000000000,0xFF,,
4.579590000000000,0x6F,,
4.580835000000000,0x1F,,Error
4.581960000000000,0xE4,Error,
4.583405000000000,0xD4,,
4.584690000000000,0xFF,,Error
4.585935000000000,0xFF,,
4.587180000000000,0xFF,,
4.588845000000000,0xFF,,Error
4.590120000000000,0xFF,,
4.591970000000000,0xFF,,
4.593070000000000,0xFF,Error,
4.595090000000000,0xBB,,Error
4.596200000000000,0xEA,,
4.597585000000000,0xD9,Error,
4.599250000000000,0xFF,,Error
4.600350000000000,0xCB,,
4.601470000000000,0x42,Error,Error
4.602575000000000,0x21,,
4.603830000000000,0x8D,,
4.604950000000000,0xED,,
4.606210000000000,0xFB,Error,
4.607470000000000,0xFE,Error,
4.608610000000000,0xFF,,Error
4.609710000000000,0xFF,,
4.611735000000000,0xFF,,
4.612835000000000,0xFF,Error,
4.614020000000000,0x7F,Error,
4.615395000000000,0x2F,,Error
4.616725000000000,0x0D,,
4.617850000000000,0xF8,Error,
4.619875000000000,0xFF,Error,
4.624580000000000,0xFF,,
4.625720000000000,0xFF,,
4.635180000000000,0xFF,,
4.641445000000000,0x15,Error,
4.642540000000000,0xFE,Error,
4.643635000000000,0xB5,Error,
4.644880000000000,0xFF,,
4.646240000000000,0xFF,,
4.649990000000000,0xFF,,
4.651165000000000,0xFF,,
4.652425000000000,0xFF,,
4.656270000000000,0xFF,,
4.658710000000000,0xFF,,
4.660670000000000,0xEC,Error,
4.661765000000000,0x1C,,
4.662860000000000,0xAD,,
4.663975000000000,0xD6,Error,
4.665155000000000,0xFF,,
4.666255000000000,0xFF,,
4.669170000000000,0xFF,,
4.670620000000000,0xFF,,
4.672875000000000,0xFF,,
4.677120000000000,0xFF,,
4.683355000000000,0xBF,Error,Error
4.684470000000000,0xFF,,
4.686005000000000,0xFF,,
4.691195000000000,0xFF,,
4.699390000000000,0xFF,,
4.701625000000000,0xFF,,Error
4.702745000000000,0xDB,,
4.703870000000000,0xED,,
4.706000000000000,0xFF,,
4.712930000000000,0xFF,,
4.715960000000000,0xFF,,
4.717380000000000,0xFF,,
4.719975000000000,0x3F,Error,
4.721090000000000,0x0A,Error,Error
4.722270000000000,0x5B,Error,Error
4.723380000000000,0xAD,Error,
4.724660000000000,0xFD,Error,
4.725785000000000,0xFF,,
4.727225000000000,0xFF,,
4.733420000000000,0xFF,,
4.735535000000000,0xFF,,
4.739270000000000,0xFF,,
4.740680000000000,0xE5,Error,
4.741890000000000,0xFF,,
4.743385000000000,0xFF,,
4.745215000000000,0xFF,,
4.753400000000000,0xFF,,
4.754785000000000,0xFF,,Error
4.757410000000000,0xFF,,
4.759630000000000,0xFF,,
4.760890000000000,0xA9,,
4.762395000000000,0x8F,,Error
4.763495000000000,0xDE,,
4.764660000000000,0xFF,,
4.765765000000000,0xFF,,
4.768825000000000,0xFF,,
4.770220000000000,0xFF,,
4.771705000000000,0xFF,,
4.773650000000000,0xFF,,
4.775035000000000,0xFF,,
4.776135000000000,0xFF,,
4.778130000000000,0xFF,,
4.780225000000000,0x87,,
4.781345000000000,0x0A,Error,Error
4.782505000000000,0xD3,Error,
4.783880000000000,0xED,,
4.785225000000000,0xFF,,
4.791275000000000,0xFF,,
4.792700000000000,0xFF,,
4.794155000000000,0xFF,,
4.795340000000000,0x65,,
4.796440000000000,0xFF,,
4.797630000000000,0x6F,,
4.798880000000000,0xDF,Error,
4.800175000000000,0xA6,,
4.801435000000000,0x96,,Error
4.802550000000000,0xF7,Error,
4.803770000000000,0xF5,,
4.804910000000000,0xFF,,
4.806890000000000,0xFF,,
4.808135000000000,0xFF,,
4.810040000000000,0xFF,,
4.811270000000000,0xFF,,
4.813135000000000,0x3F,,
4.814380000000000,0x75,Error,
4.815590000000000,0xD9,Error,
4.817095000000000,0xFF,,
4.818330000000000,0xFF,,
4.819440000000000,0xFF,Error,
4.820715000000000,0xA4,,Error
4.821820000000000,0x43,Error,Error
4.822945000000000,0x94,Error,
4.824145000000000,0xF5,,
4.825245000000000,0xFB,Error,
4.826655000000000,0xFF,,
4.827765000000000,0xFF,Error,
4.829765000000000,0xFF,,Error
4.830990000000000,0x7F,Error,Error
4.832115000000000,0xBE,,
4.833935000000000,0x65,,Error
4.835045000000000,0x81,Error,
4.836165000000000,0xFF,,
4.842650000000000,0xFF,,Error
4.843750000000000,0xD4,Error,
4.844945000000000,0xFF,,
4.849660000000000,0xFF,,
4.850950000000000,0xFF,,
4.855395000000000,0xFF,,
4.860220000000000,0xAF,,
4.861665000000000,0xB4,Error,Error
4.862790000000000,0x52,Error,
4.863915000000000,0xAD,Error,
4.865370000000000,0xFF,,
4.870790000000000,0xFF,,
4.877435000000000,0xFF,,
4.878680000000000,0xFF,,
4.879945000000000,0x7F,,Error
4.881060000000000,0x47,Error,Error
4.882215000000000,0x91,,
4.883420000000000,0xAF,,Error
4.884545000000000,0xFE,Error,
4.885785000000000,0xFF,,
4.893195000000000,0xFF,,
4.895200000000000,0xFF,,
4.900985000000000,0xF7,Error,
4.902175000000000,0xE1,Error,
4.903415000000000,0xBF,Error,Error
4.905030000000000,0xFF,,
4.907925000000000,0xFF,,
4.920500000000000,0xFF,Error,Error
4.921605000000000,0x8B,,Error
4.922710000000000,0xF5,Error,
4.923980000000000,0xB5,,
4.925230000000000,0x7F,Error,
4.930520000000000,0xFF,,
4.931735000000000,0xFF,,
4.935050000000000,0xFF,,
4.936495000000000,0xFF,,
4.937795000000000,0xFF,,
4.940745000000000,0x0D,,Error
4.941850000000000,0x1E,Error,Error
4.943050000000000,0x56,,
4.944170000000000,0xEB,,
4.945280000000000,0xFF,,
4.951810000000000,0xFF,,
4.953020000000000,0xFF,,
4.955650000000000,0xFF,,
4.957850000000000,0xFF,,
4.958950000000000,0xFF,,
4.961200000000000,0xFD,Error,
4.970855000000000,0xFF,,
4.972055000000000,0xFF,,
4.973695000000000,0xFF,,
4.975125000000000,0xFF,,
4.976350000000000,0xFF,,
4.977690000000000,0xFF,,
4.979775000000000,0xFF,,
4.981065000000000,0xFF,,
4.984740000000000,0xFF,,
4.986080000000000,0xFF,,
4.991755000000000,0xFF,,
4.995845000000000,0xFF,,
5.001535000000000,0xF7,Error,
5.002635000000000,0xEE,,Error
5.003795000000000,0xD7,Error,
5.004990000000000,0xF3,,
5.009615000000000,0xFF,,
5.010745000000000,0xFF,,
5.013495000000000,0xFF,,
